<?xml version="1.0" encoding="UTF-8"?>
<project-private xmlns="http://www.netbeans.org/ns/project-private/1">
    <editor-bookmarks xmlns="http://www.netbeans.org/ns/editor-bookmarks/2" lastBookmarkId="0"/>
    <open-files xmlns="http://www.netbeans.org/ns/projectui-open-files/2">
        <group>
            <file>file:/D:/Assignment%201%20-%20Question%202%20-%20ST10344544/Resturant_Ordering_System/src/resturant_ordering_system/ItemOrder.java</file>
            <file>file:/D:/Assignment%201%20-%20Question%202%20-%20ST10344544/Resturant_Ordering_System/src/resturant_ordering_system/Restaurant_Ordering_System.java</file>
            <file>file:/D:/Assignment%201%20-%20Question%202%20-%20ST10344544/Resturant_Ordering_System/test/resturant_ordering_system/RestaurantOrderingSystemTest.java</file>
            <file>file:/D:/Assignment%201%20-%20Question%202%20-%20ST10344544/Resturant_Ordering_System/src/resturant_ordering_system/ItemMenu.java</file>
            <file>file:/D:/Assignment%201%20-%20Question%202%20-%20ST10344544/Resturant_Ordering_System/src/resturant_ordering_system/ItemFood.java</file>
            <file>file:/D:/Assignment%201%20-%20Question%202%20-%20ST10344544/Resturant_Ordering_System/src/resturant_ordering_system/ItemDrink.java</file>
            <file>file:/D:/Assignment%201%20-%20Question%202%20-%20ST10344544/Resturant_Ordering_System/src/resturant_ordering_system/Order.java</file>
        </group>
    </open-files>
</project-private>
